epoch,time,train/box_loss,train/seg_loss,train/cls_loss,train/dfl_loss,metrics/precision(B),metrics/recall(B),metrics/mAP50(B),metrics/mAP50-95(B),metrics/precision(M),metrics/recall(M),metrics/mAP50(M),metrics/mAP50-95(M),val/box_loss,val/seg_loss,val/cls_loss,val/dfl_loss,lr/pg0,lr/pg1,lr/pg2
1,14.8014,1.27888,4.85613,3.28879,1.33073,0.005,1,0.03429,0.01354,0.005,1,0.03429,0.01464,0.87602,1.46092,3.35552,1.4472,4e-05,4e-05,4e-05
2,31.4038,1.2128,2.62564,3.10667,1.33952,0.005,1,0.17561,0.1187,0.005,1,0.17561,0.12099,0.59418,0.58398,3.18639,1.1853,9.802e-05,9.802e-05,9.802e-05
3,49.0141,0.69298,1.58285,2.67855,1.08981,0.005,1,0.54079,0.48443,0.005,1,0.54079,0.4683,0.52688,0.4764,2.9468,1.03034,0.000153664,0.000153664,0.000153664
4,1203.56,0.64578,0.80463,2.19192,1.01062,0.005,1,0.64763,0.57737,0.005,1,0.64763,0.55852,0.55317,0.42909,2.8119,0.99204,0.000206932,0.000206932,0.000206932
5,1219.66,0.99593,1.39043,1.94807,1.2167,0.005,1,0.77333,0.58269,0.005,1,0.77333,0.58901,0.54713,0.39849,2.66209,0.95042,0.000257824,0.000257824,0.000257824
6,1235.57,0.83049,1.29141,1.70212,1.05865,0.98942,0.83333,0.955,0.81639,0.98942,0.83333,0.955,0.82257,0.48398,0.48744,2.23514,0.91141,0.00030634,0.00030634,0.00030634
7,1250.19,0.85579,0.95024,1.59024,1.05013,1,0.87744,0.995,0.84372,1,0.87744,0.995,0.87907,0.62186,0.54409,2.00292,0.92279,0.00035248,0.00035248,0.00035248
8,1264.28,0.8178,0.95409,1.47013,1.13281,0.94777,1,0.995,0.79093,0.94777,1,0.995,0.84039,0.78978,0.42754,1.89934,0.96697,0.000396244,0.000396244,0.000396244
9,1281.74,0.82382,0.76174,1.62509,1.01299,0.93797,1,0.995,0.79933,0.93797,1,0.995,0.86837,0.84748,0.29477,1.82026,0.9949,0.000437632,0.000437632,0.000437632
10,1294.34,0.88749,0.75031,1.4742,0.97625,0.97932,1,0.995,0.85142,0.97932,1,0.995,0.91619,0.54042,0.27911,1.92653,0.91066,0.000476644,0.000476644,0.000476644
11,1308.29,0.78327,1.32924,1.48348,0.99264,1,0.72655,0.995,0.8712,1,0.72655,0.995,0.92912,0.5325,0.31809,2.07386,0.88993,0.00051328,0.00051328,0.00051328
12,1320.42,0.82213,0.52205,1.54186,1.07576,1,0.62749,0.92667,0.76172,1,0.62749,0.92667,0.79906,0.61148,0.39549,2.35001,0.93163,0.00054754,0.00054754,0.00054754
13,1330.1,0.83933,0.87987,1.45326,1.04145,0.8003,0.66814,0.92667,0.74313,0.8003,0.66814,0.92667,0.78838,0.73794,0.47706,2.09373,0.9389,0.000579424,0.000579424,0.000579424
14,1340.7,0.78017,3.01491,1.68169,1.0925,1,0.83792,0.995,0.78846,1,0.83792,0.995,0.89582,0.72355,0.75687,2.05411,0.94739,0.000608932,0.000608932,0.000608932
15,1350.61,0.77334,0.80789,1.59978,0.98819,1,0.83792,0.995,0.78846,1,0.83792,0.995,0.89582,0.72355,0.75687,2.05411,0.94739,0.000636064,0.000636064,0.000636064
16,1360.15,0.85752,0.67689,1.41648,1.07141,0.97447,1,0.995,0.87345,0.97447,1,0.995,0.89722,0.64947,0.54857,1.9406,0.95567,0.00066082,0.00066082,0.00066082
17,1369.34,0.80847,1.26244,1.4116,0.98454,0.84388,1,0.995,0.89351,0.84388,1,0.995,0.89617,0.57918,0.66735,1.80751,0.91533,0.0006832,0.0006832,0.0006832
18,1383.75,0.88614,0.8764,1.30694,1.0504,0.84388,1,0.995,0.89351,0.84388,1,0.995,0.89617,0.57918,0.66735,1.80751,0.91533,0.000703204,0.000703204,0.000703204
19,1399.71,0.70515,1.33426,1.27823,0.99418,0.96333,1,0.995,0.81281,0.96333,1,0.995,0.82916,0.69942,0.4468,1.46615,0.93911,0.000720832,0.000720832,0.000720832
20,8615.16,0.68364,0.59685,1.29743,0.97868,0.96515,1,0.995,0.82389,0.96515,1,0.995,0.82642,0.73034,0.33921,1.32965,0.93924,0.000736084,0.000736084,0.000736084
21,8873.65,0.71881,0.78127,1.24956,0.98797,0.96515,1,0.995,0.82389,0.96515,1,0.995,0.82642,0.73034,0.33921,1.32965,0.93924,0.00074896,0.00074896,0.00074896
22,8888.37,0.73114,0.92361,1.21352,0.98186,1,0.97777,0.995,0.85689,1,0.97777,0.995,0.89324,0.67449,0.31326,1.36995,0.94204,0.00075946,0.00075946,0.00075946
23,8899.96,0.71692,1.20959,1.13501,0.98782,1,0.97777,0.995,0.85689,1,0.97777,0.995,0.89324,0.67449,0.31326,1.36995,0.94204,0.000767584,0.000767584,0.000767584
24,8911.48,0.83025,1.31071,1.43285,1.01878,0.98033,1,0.995,0.89966,0.98033,1,0.995,0.91801,0.55688,0.35154,1.368,0.90561,0.000773332,0.000773332,0.000773332
25,8923.66,0.71926,0.80421,1.19977,1.00453,0.98033,1,0.995,0.89966,0.98033,1,0.995,0.91801,0.55688,0.35154,1.368,0.90561,0.000776704,0.000776704,0.000776704
26,8936.47,0.76215,1.14002,1.24333,0.96728,0.96862,0.83333,0.97214,0.79591,0.96862,0.83333,0.97214,0.81258,0.66795,0.48208,1.53519,0.93721,0.0007777,0.0007777,0.0007777
27,8948.08,0.69293,1.1487,1.27714,0.98723,0.96862,0.83333,0.97214,0.79591,0.96862,0.83333,0.97214,0.81258,0.66795,0.48208,1.53519,0.93721,0.00077632,0.00077632,0.00077632
28,8960.51,0.6496,0.63411,1.08403,0.98252,0.98883,0.83333,0.97214,0.86678,0.98883,0.83333,0.97214,0.86541,0.4835,0.34448,1.20549,0.88996,0.000772564,0.000772564,0.000772564
29,8972.41,0.75588,0.75806,1.29626,0.94879,0.98883,0.83333,0.97214,0.86678,0.98883,0.83333,0.97214,0.86541,0.4835,0.34448,1.20549,0.88996,0.000766432,0.000766432,0.000766432
30,8984.67,0.77239,0.8151,1.24456,0.98781,0.98883,0.83333,0.97214,0.86678,0.98883,0.83333,0.97214,0.86541,0.4835,0.34448,1.20549,0.88996,0.000757924,0.000757924,0.000757924
31,8997.53,0.81627,0.96905,1.36273,1.05648,1,0.99403,0.995,0.85672,1,0.99403,0.995,0.86773,0.52821,0.27161,0.99525,0.89408,0.00074704,0.00074704,0.00074704
32,9010.2,0.696,0.6468,1.07555,0.99536,1,0.99403,0.995,0.85672,1,0.99403,0.995,0.86773,0.52821,0.27161,0.99525,0.89408,0.00073378,0.00073378,0.00073378
33,9022.59,0.75052,0.80172,1.16086,1.00282,0.9932,1,0.995,0.82731,0.9932,1,0.995,0.86854,0.61518,0.26645,0.91083,0.90059,0.000718144,0.000718144,0.000718144
34,9035.58,0.75645,1.40094,1.20578,1.0139,0.9932,1,0.995,0.82731,0.9932,1,0.995,0.86854,0.61518,0.26645,0.91083,0.90059,0.0006932,0.0006932,0.0006932
35,9048.33,0.59282,0.56255,0.98916,0.92088,0.9932,1,0.995,0.82731,0.9932,1,0.995,0.86854,0.61518,0.26645,0.91083,0.90059,0.0006536,0.0006536,0.0006536
36,9061.65,0.67719,0.90305,1.04681,0.94189,0.98989,1,0.995,0.87907,0.98989,1,0.995,0.8955,0.54768,0.37214,0.8859,0.88909,0.000614,0.000614,0.000614
37,9071.65,0.69096,0.82103,1.05012,0.94563,0.98989,1,0.995,0.87907,0.98989,1,0.995,0.8955,0.54768,0.37214,0.8859,0.88909,0.0005744,0.0005744,0.0005744
38,9080.98,0.64585,0.63102,1.05208,0.9364,0.98989,1,0.995,0.87907,0.98989,1,0.995,0.8955,0.54768,0.37214,0.8859,0.88909,0.0005348,0.0005348,0.0005348
39,9092.37,0.69532,0.51057,1.15105,1.02059,0.98937,1,0.995,0.8772,0.98937,1,0.995,0.87387,0.52188,0.33142,0.81353,0.8854,0.0004952,0.0004952,0.0004952
